{
  "model": "Autoencoder",
  "backend": "PyTorch",
  "n_features": 58,
  "bottleneck": 8,
  "fit_time_s": 53.0,
  "theta": 0.0013172301817337556,
  "calib_val": {
    "recall": 0.9002740927529876,
    "fpr": 0.0045,
    "precision": 0.9991239383836663,
    "f1": 0.9471268079996858
  },
  "test": {
    "recall": 0.9008,
    "fpr": 0.0491,
    "auc_roc": 0.9749,
    "auc_pr_val": 0.9991,
    "enrichment": 1.1813,
    "n_flagged": 82950,
    "flagged_pct": 77.37
  }
}