{
  "alpha_OCSVM": 0.9064071978595549,
  "beta_IF": 2.6992977983138634e-06,
  "gamma_LOF": 0.09359010284264675,
  "theta": 0.21886276851449965,
  "opt_time_s": 1221.4
}